,Neff,block_length,cas,density,density_sigma,dielectric,dielectric_sigma,dielectric_sigma_fixedblock,formula,inefficiency,initial_density_length,initial_traj_length,n_frames,n_trimmed,temperature
0,439.9817199707031,26,107569-51-7,808.9607180978571,0.177905430770051,8.695617199381738,0.8870522158698984,0.1766762161766934,C4H10O,18.184846878051758,8000,400,400,0,293.2
1,467.7467041015625,8,140-88-5,956.4990937535603,0.18554502492682826,6.588881065523224,0.34781906570182725,0.3338320290017899,C5H8O2,17.002792358398438,8000,400,398,48,300.6
2,228.09210205078125,10,31372-91-5,698.315601701428,0.18728205933867448,1.0024140189685156,0.00013090669793806088,8.474040908689811e-05,C8H18,15.550735473632812,4000,200,178,454,298.2
3,329.4737548828125,10,105-58-8,1022.3471393462669,0.19259273565788224,1.297556717163463,0.011671438875858762,0.00987962436681099,C5H10O3,36.42475128173828,12000,600,600,0,298.2
4,576.7841186523438,15,102256-29-1,977.2419565542813,0.19894853445141084,6.358143762765821,0.3184857750551107,0.2611819385998024,C4H6O2,13.868273735046387,8000,400,400,2,318.2
5,2861.377685546875,23,14314-42-2,1161.3637579123651,0.1866598705508377,66.59240889059444,1.6717758299425167,1.6314452989236328,H2O,6.989640235900879,20000,1000,1000,1,315.2
6,463.10980224609375,187,126492-54-4,903.4406284525223,0.16180835749682437,4.349271530255541,0.16823732198522737,0.10736687019638706,C7H12O2,25.799497604370117,12000,600,598,53,315.6
7,273.4202575683594,123,126492-54-4,915.5816475317702,0.19330768516580293,4.18112716912733,0.48125044997597194,0.30167010656142,C7H12O2,14.63315200805664,4000,200,200,0,303.2
8,469.20697021484375,26,187997-16-6,1143.1042723455785,0.17417838707843292,42.74616123876934,5.164075054399272,1.50491315675293,C4H6O2,16.892332077026367,8000,400,397,75,293.2
