,Neff,block_length,cas,density,density_sigma,dielectric,dielectric_sigma,dielectric_sigma_fixedblock,formula,inefficiency,initial_density_length,initial_traj_length,n_frames,n_trimmed,temperature
0,705.305908203125,187,102256-29-1,980.2371378697036,0.1792670667046878,7.091041012213516,0.23856268923199575,0.2255287396681388,C4H6O2,17.01531219482422,12000,600,600,0,315.6
1,321.7729797363281,443,189832-99-3,969.2445444306264,0.1954667120386904,12.03053051787158,0.6603906673694729,0.07546858530786248,C4H11NO,271.3497009277344,88000,4400,4366,688,303.2
2,584.74072265625,15,127-19-5,937.3245527778266,0.1483397201772246,27.337340632380187,1.9134106908445647,1.5028379638648846,C4H9NO,13.682988166809082,8000,400,400,0,303.2
3,359.2872619628906,2,142939-39-7,997.8391925568175,0.17567025783202472,4.621235982958739,0.17748823924566376,0.12724518855353037,C6H14O3,22.23847198486328,8000,400,400,11,328.2
4,415.6493225097656,23,126492-54-4,900.8755195537988,0.16482849313497988,3.9440028045966997,0.18151845925237542,0.10413256024795374,C7H12O2,15.359101295471191,8000,400,320,1617,318.2
5,282.9993896484375,11,142-96-1,770.9531732515442,0.17170492813462337,1.6422491784927091,0.053906554061129,0.042755111697951834,C8H18O,14.137840270996094,4000,200,200,0,308.2
6,310.2074279785156,2359,126-33-0,1324.9303741330343,0.19132653238173516,22.86823836068822,2.024526383340591,0.055622890431721916,C4H8O2S,330.7851257324219,120000,6000,5131,17389,303.2
7,338.5469970703125,34,189832-99-3,958.4901993982836,0.19630021992465807,10.993539845657262,0.4388096642850958,0.11407692370865317,C4H11NO,144.6741485595703,64000,3200,2449,15022,313.2
8,514.4632568359375,8,102256-29-1,991.637144170506,0.19646717101468433,7.371750395965726,0.33623918646344675,0.3056996931166336,C4H6O2,15.52880573272705,8000,400,400,12,305.6
