,Neff,block_length,cas,density,density_sigma,dielectric,dielectric_sigma,dielectric_sigma_fixedblock,formula,inefficiency,initial_density_length,initial_traj_length,n_frames,n_trimmed,temperature
0,636.6859741210938,5,140-88-5,925.5417635949716,0.17466906371186094,5.664780251316378,0.18811696476485995,0.16696163573538933,C5H8O2,18.78162956237793,12000,600,598,43,328.2
1,375.22271728515625,1,31372-91-5,693.7580650635002,0.15292968227664383,1.0024669638581944,9.049363386239037e-05,7.112875761861292e-05,C8H18,21.323335647583008,8000,400,400,0,303.2
2,2286.7939453125,151,14314-42-2,1192.9268079370563,0.1949890193894168,80.51583165786387,3.014213689968062,2.504651995612795,H2O,8.746306419372559,20000,1000,1000,0,281.2
3,470.2969665527344,26,102256-29-1,1017.0683752289108,0.19139577186397225,7.996943236324493,0.413248545110359,0.2954925606233539,C4H6O2,16.96587562561035,8000,400,399,22,283.2
4,219.46029663085938,209,126068-67-5,1151.3534098391144,0.17184793984769486,16.521051233790544,2.308555031158505,0.20588490872251625,C6H15NO3,62.544342041015625,32000,1600,687,18275,318.2
5,472.87109375,134,71-41-0,814.6055071817417,0.1501218625291841,5.753108526746908,0.7183827848333354,0.2364414929028423,C5H12O,16.865060806274414,8000,400,399,26,293.2
6,520.5865478515625,65,57-55-6,1024.5280516728344,0.18287403988314996,12.06136616357851,0.5566495589494733,0.544797549919839,C3H8O2,27.23082160949707,16000,800,709,1825,318.2
7,328.88665771484375,15,11119-77-0,927.38637525186,0.1915693772707177,7.841920327269395,0.43302975145450817,0.2659007297735034,C6H10O,24.327529907226562,8000,400,400,0,303.2
8,694.89453125,58,71-23-8,803.4164602451756,0.16124609975918244,8.681265502743283,0.46723077823379633,0.2422963862615703,C3H8O,17.270246505737305,12000,600,600,0,293.2
