,Neff,block_length,cas,density,density_sigma,dielectric,dielectric_sigma,dielectric_sigma_fixedblock,formula,inefficiency,initial_density_length,initial_traj_length,n_frames,n_trimmed,temperature
0,724.7957763671875,187,121182-78-3,787.1261148076754,0.19927928477629123,9.693302046976488,0.614464344796672,0.24874109345567552,C2H6O,16.557767868041992,12000,600,600,0,298.0
1,238.58819580078125,76,126-33-0,1328.8905171636059,0.1975801850255293,5.7974490310272895,0.5571931982534801,0.20485383483992592,C4H8O2S,16.765289306640625,4000,200,200,1,293.2
2,524.0631713867188,45,102256-29-1,1002.9678246459939,0.18932440385637556,6.632118055806295,0.2622636401774722,0.24329299284539072,C4H6O2,15.248162269592285,8000,400,400,10,295.6
3,277.8675231933594,44,105-59-9,1051.9077677896316,0.18303488080447547,14.73356142115459,1.207182255573753,0.5581228137937966,C5H13NO2,28.477598190307617,8000,400,396,88,328.2
4,346.69549560546875,44,126492-54-4,921.0922823674543,0.17763095332926737,4.136217082184915,0.2191947753783714,0.1463559306881307,C7H12O2,22.737531661987305,8000,400,395,118,298.2
5,391.4515380859375,24,142-96-1,789.5780497452567,0.13714874850164221,1.7565339601222616,0.05739578785115362,0.04127719483296915,C8H18O,18.459501266479492,8000,400,362,775,288.2
6,577.9598388671875,77,102256-29-1,1014.0089174689359,0.17099066751415978,7.194282139576998,0.37259767843976616,0.28319056380216034,C4H6O2,13.781233787536621,8000,400,399,36,285.6
7,290.1315002441406,335,61791-44-4,1111.6030763883066,0.19063715677027104,11.963833985512734,0.6744707247322007,0.12546905305992007,C4H11NO2,84.18941497802734,28000,1400,1222,3575,328.2
8,416.2450866699219,68,126492-54-4,930.5474795788482,0.15502719296346837,5.0144446494619315,0.2517737442944905,0.1109107324942162,C7H12O2,37.15359115600586,16000,800,774,536,288.2
