,Neff,block_length,cas,density,density_sigma,dielectric,dielectric_sigma,dielectric_sigma_fixedblock,formula,inefficiency,initial_density_length,initial_traj_length,n_frames,n_trimmed,temperature
0,630.4688110351562,8,102256-29-1,985.7871410769826,0.17867748854539103,7.3295687836002585,0.3421888104767992,0.21031749317679113,C4H6O2,12.633456230163574,8000,400,399,36,310.6
1,249.4779510498047,17,111-84-2,697.7826308043021,0.17813967952857301,1.0028100010341394,0.00015276054510227885,0.00016159237597400443,C9H20,16.03748893737793,4000,200,200,0,318.2
2,644.93212890625,13,121182-78-3,798.5758071213277,0.19224736540088816,11.560196516895143,0.6700436945529356,0.34799560618986436,C2H6O,10.252241134643555,8000,400,331,1389,288.2
3,658.7017822265625,58,140-88-5,947.5612748785123,0.16023987514158755,6.424328293041804,0.22505559394576494,0.21094999993301505,C5H8O2,18.17514419555664,12000,600,599,29,308.2
