,Neff,block_length,cas,density,density_sigma,dielectric,dielectric_sigma,dielectric_sigma_fixedblock,formula,inefficiency,initial_density_length,initial_traj_length,n_frames,n_trimmed,temperature
0,538.792236328125,18,8013-70-5,807.7635949868915,0.18452607726552936,8.944934973663486,0.6916414888810646,0.1913947945990022,C3H8O,22.125411987304688,12000,600,596,80,288.2
1,726.7080688476562,134,102256-29-1,977.9414149707009,0.17267878215210244,6.492972883682016,0.3706873367895435,0.2404750951074861,C4H6O2,10.99891471862793,8000,400,400,8,318.2
2,715.09619140625,5,140-88-5,927.7635593697902,0.1614428986409204,6.036391326377592,0.21713931414244242,0.18721885933900595,C5H8O2,16.782358169555664,12000,600,600,0,328.2
3,541.0896606445312,32,68989-27-5,821.1861721187943,0.1597741571377151,7.325956158173953,0.6632158057646088,0.14001150726763975,C4H10O,21.770883560180664,12000,600,589,221,288.2
4,554.6231689453125,20,9007-33-4,1071.0040138887905,0.17449195236025103,17.0917817887973,1.1169558979687189,0.451274096232452,C2H7NO,28.84841537475586,16000,800,800,1,303.2
5,291.0875549316406,15,11119-77-0,931.8494753337138,0.1977703833501629,8.794563309006495,0.47081303404231895,0.2806236387323767,C6H10O,27.48314094543457,8000,400,400,1,298.2
6,1115.9521484375,10,54841-71-3,789.7079062314447,0.19699830723209596,17.69143905222809,0.8638297933342491,0.5455826386158023,CH4O,10.56855297088623,12000,600,590,207,288.2
7,283.7251892089844,17,126492-54-4,905.9306875271247,0.191311060862452,4.361423242884337,0.35416199005289156,0.15391884139207881,C7H12O2,13.724547386169434,4000,200,195,107,315.6
8,505.0892028808594,15,8013-70-5,797.030803721094,0.19471256716643287,8.588505632553254,0.5989687263610373,0.20128654986726668,C3H8O,15.840765953063965,8000,400,400,0,298.2
