,Neff,block_length,cas,density,density_sigma,dielectric,dielectric_sigma,dielectric_sigma_fixedblock,formula,inefficiency,initial_density_length,initial_traj_length,n_frames,n_trimmed,temperature
0,313.14300537109375,15,126492-54-4,911.2852580650086,0.19014334425232432,5.233119940612344,0.4095755699188358,0.1619631193016549,C7H12O2,25.550626754760742,8000,400,400,0,310.6
1,377.288330078125,5,120-92-3,930.9752292746492,0.19665658209216577,9.699829434970063,0.43834642584444095,0.46976300310631997,C5H8O,21.206592559814453,8000,400,400,0,293.2
2,442.8372802734375,11,127-19-5,917.9458404186026,0.18069139421127461,22.272307382026792,1.7442977074434662,1.4651390796036257,C4H9NO,8.978466987609863,4000,200,199,25,323.2
3,271.9876708984375,11,111-46-6,1156.8685552796635,0.1776837393985408,10.969863787677221,0.9291553479799275,0.31189784737763787,C4H10O3,14.69551944732666,4000,200,200,4,298.2
4,429.9786376953125,8,142-82-5,677.2021548805996,0.15489675774460313,1.0026830522179582,0.00011527637743760519,8.874640932807855e-05,C7H16,18.607900619506836,8000,400,400,0,298.2
5,546.08544921875,32,57-55-6,1034.2888639393243,0.17062236337984082,11.683216176772023,0.8219756258530078,0.4926795815264962,C3H8O2,21.529598236083984,12000,600,588,244,308.2
6,358.02288818359375,78,120-92-3,940.746652421257,0.1887561382103072,8.722211356635214,0.6158397967802401,0.3229376558022306,C5H8O,22.347732543945312,8000,400,400,0,283.2
7,595.8843383789062,104,71-23-8,803.3412331295918,0.17614025475782197,9.368241063383623,0.7157359420166796,0.35349569628640104,C3H8O,20.11296272277832,12000,600,600,16,293.2
8,405.6820983886719,104,126492-54-4,921.2666190705044,0.16205812085619273,5.266277225406504,0.29940785739405906,0.10212729707654342,C7H12O2,29.582277297973633,12000,600,600,0,300.6
