,Neff,block_length,cas,density,density_sigma,dielectric,dielectric_sigma,dielectric_sigma_fixedblock,formula,inefficiency,initial_density_length,initial_traj_length,n_frames,n_trimmed,temperature
0,740.231201171875,10,102256-29-1,981.2849830518714,0.16942482514588816,6.8936282582707955,0.2457475824010667,0.20191574457248854,C4H6O2,16.138200759887695,12000,600,598,55,315.6
1,311.2721252441406,173,100-61-8,1011.6851092321683,0.1947175327256903,2.889503791599626,0.16998441545335044,0.021350670151445768,C7H9N,77.10616302490234,24000,1200,1200,0,300.2
2,323.2891845703125,47,142-96-1,787.3379741270419,0.1520827178264186,2.342796687693231,0.07878236979069213,0.05137893649409528,C8H18O,12.375916481018066,4000,200,200,0,293.2
3,393.6481018066406,187,126492-54-4,903.4929769131883,0.17208880982229344,4.167714501150131,0.24873881436728912,0.09280741188958415,C7H12O2,30.458675384521484,12000,600,600,11,318.2
4,436.2514343261719,4,142939-39-7,991.1465838110786,0.15296747360065577,5.996606773599397,0.31848258653400907,0.14682544554752244,C6H14O3,8.717450141906738,4000,200,191,198,328.2
5,279.6604309082031,218,704-76-7,820.1301352740628,0.17354279643772022,3.194303947640957,0.1754253781716702,0.06865284071003178,C8H18O,51.805686950683594,16000,800,725,1513,308.2
6,571.3452758789062,15,102256-29-1,992.7601186095015,0.1872190484067386,7.0396579414203915,0.29540399058749434,0.17965758256794337,C4H6O2,14.003791809082031,8000,400,400,0,305.6
7,333.49853515625,185,189832-99-3,958.8559784123063,0.19146726499842054,11.118617470702096,1.2393309032948887,0.23571737686243008,C4H11NO,35.48741149902344,12000,600,592,166,313.2
8,474.2486572265625,22,126-33-0,1328.9069232107847,0.13090572974780054,9.067709878870717,1.840466005511622,0.2530779520794287,C4H8O2S,5.4507269859313965,40000,2000,130,37416,298.2
