,Neff,block_length,cas,density,density_sigma,dielectric,dielectric_sigma,dielectric_sigma_fixedblock,formula,inefficiency,initial_density_length,initial_traj_length,n_frames,n_trimmed,temperature
0,265.1631164550781,234,105-59-9,1073.5703106512126,0.17565329484028577,17.310375632763844,2.46202246191576,0.14812942039939775,C5H13NO2,59.574649810791016,20000,1000,790,4204,303.2
1,581.9846801757812,32,71-41-0,800.8274367528878,0.14807296780726834,5.915248202157543,0.3191882560400426,0.12043189848452815,C5H12O,20.588171005249023,12000,600,600,19,308.2
2,216.00613403320312,134,118662-30-9,1175.1770608598586,0.18105650397715684,11.802259908821986,0.889353955855708,0.49044153746251357,C6H14O4,37.04061508178711,8000,400,400,0,293.2
3,536.82080078125,8,102256-29-1,989.1043282685802,0.19452899104487892,7.403091493542144,0.29201665190998544,0.3059631061596597,C4H6O2,13.166404724121094,8000,400,354,933,308.2
4,232.47691345214844,1,111-84-2,688.6853848390281,0.19105804104198418,1.0025541279620285,0.00015017468134166125,0.00011578907760952803,C9H20,17.102773666381836,4000,200,199,25,328.2
5,470.9643249511719,5,68989-27-5,810.9609981598913,0.17638983111569365,7.2935155514260614,0.33388674516805783,0.22657341156202798,C4H10O,25.481760025024414,12000,600,600,0,298.2
6,322.1730041503906,6,11119-77-0,941.2640378344248,0.18542028883537975,8.924525530567493,0.34181458653989394,0.24579768130526028,C6H10O,48.942649841308594,16000,800,789,233,288.2
7,420.32855224609375,45,107569-51-7,809.0231351612941,0.1847394202609151,6.13485975062901,0.32280958623894696,0.18609125627989676,C4H10O,18.880468368530273,8000,400,397,65,293.2
8,299.11376953125,5,126492-54-4,916.2055240165777,0.1904739154543306,4.888214411782565,0.24236496835370439,0.14513960293760433,C7H12O2,26.749019622802734,8000,400,400,0,305.6
