,Neff,block_length,cas,density,density_sigma,dielectric,dielectric_sigma,dielectric_sigma_fixedblock,formula,inefficiency,initial_density_length,initial_traj_length,n_frames,n_trimmed,temperature
0,342.08233642578125,44,111-84-2,715.8465802594659,0.14383987238375576,1.0028600561109124,0.00012965077442562503,0.00011923742105576545,C9H20,22.89799690246582,8000,400,392,168,298.2
1,484.56488037109375,104,140-88-5,972.03697410897,0.1721436931929528,6.5495153277037526,0.3579642205649922,0.18160162171751382,C5H8O2,24.752103805541992,12000,600,600,7,288.2
2,660.6317749023438,78,173201-80-4,909.2010503064637,0.16810460302405292,5.799890758136726,0.3157098592928005,0.2053969666736292,C4H10O2,12.109620094299316,8000,400,400,1,318.2
3,201.62728881835938,28,126068-67-5,1156.5119353325715,0.16590750851144895,10.246899528088228,1.3611325501919305,0.15080017958253442,C6H15NO3,19.54596519470215,60000,3000,197,56060,313.2
4,592.2603149414062,1,616-38-6,1123.2767098364275,0.18660975610245276,1.6224714144188588,0.02625782858511085,0.027057300994867587,C3H6O3,13.504197120666504,8000,400,400,3,318.2
5,2281.60693359375,11,14314-42-2,1191.212939897354,0.1931644891866717,71.94328492917874,2.3060595870325615,1.9344070754688787,H2O,6.929327011108398,16000,800,791,191,283.2
6,430.88885498046875,10,105-58-8,994.8826494947725,0.18702616198873073,1.3240640346490655,0.012229155383304645,0.010725922420361146,C5H10O3,26.49639129638672,12000,600,571,584,328.2
7,485.0577392578125,131,140-88-5,955.6755000939914,0.17766940013544735,6.9537226251999344,0.5340015468297924,0.3602786046454674,C5H8O2,16.05582046508789,8000,400,390,213,303.2
8,447.4668273925781,26,102256-29-1,1020.1782732224328,0.1955462376576276,8.602540715820357,0.7396967565458268,0.3959420930459545,C4H6O2,17.838193893432617,8000,400,400,19,280.6
