,Neff,block_length,cas,density,density_sigma,dielectric,dielectric_sigma,dielectric_sigma_fixedblock,formula,inefficiency,initial_density_length,initial_traj_length,n_frames,n_trimmed,temperature
0,353.3235168457031,15,11119-77-0,917.955648103282,0.18923054183702925,8.230416453554714,0.382893884667998,0.2705238997657542,C6H10O,22.571382522583008,8000,400,399,26,313.2
1,3070.510498046875,81,14314-42-2,1153.0757167685724,0.1818915268854975,59.93397731720561,1.6596654367011683,1.7541999384842843,H2O,6.513249397277832,20000,1000,1000,2,323.2
2,1392.6026611328125,70,54841-71-3,769.32745476529,0.18812470004404067,15.458595043114542,0.3863905470794627,0.47590021660568044,CH4O,11.489996910095215,16000,800,800,0,303.2
3,593.7576293945312,5,71-23-8,798.7210521452739,0.1841011213136835,7.566255082550827,0.3141962172625611,0.29634255604597426,C3H8O,20.211950302124023,12000,600,600,0,298.0
4,475.5006103515625,26,107569-51-7,794.2597916031766,0.18273113449349707,6.3668049408126635,0.5877847950043633,0.2777488533193441,C4H10O,16.82647705078125,8000,400,400,0,308.2
5,616.9035034179688,8,140-88-5,947.0389610640491,0.1631019157980416,6.17809477864685,0.28930065569589314,0.23780847398321342,C5H8O2,12.969613075256348,8000,400,400,0,310.6
6,547.9586791992188,8,102256-29-1,1006.4298047663506,0.1806316977609559,6.982102213333772,0.3038181431794782,0.255621862098315,C4H6O2,13.057554244995117,8000,400,358,846,293.2
7,619.4579467773438,78,102256-29-1,975.0896695864712,0.1944347099112346,7.078120325387481,0.34955336233379947,0.3111505770275789,C4H6O2,12.899988174438477,8000,400,400,10,320.6
8,475.4819641113281,335,68989-27-5,805.8078039387659,0.17770917427284338,6.233150647169945,0.49895354695188426,0.21216781845518065,C4H10O,25.222827911376953,12000,600,600,8,303.2
