,Neff,block_length,cas,density,density_sigma,dielectric,dielectric_sigma,dielectric_sigma_fixedblock,formula,inefficiency,initial_density_length,initial_traj_length,n_frames,n_trimmed,temperature
0,398.23046875,8,142-96-1,773.3258101732674,0.15045278734071094,2.2310276210293667,0.0644276417067557,0.04445294451716881,C8H18O,20.091381072998047,8000,400,400,0,308.2
1,342.1937255859375,30,126492-54-4,938.0992526914908,0.1629415650283651,5.549967439885961,0.39426168542770224,0.12222747696107104,C7H12O2,31.6691951751709,12000,600,542,1164,283.2
2,337.695068359375,60,126-33-0,1316.9155596220935,0.17043822673862216,11.301306807391693,1.8408850564280117,0.4822772781733229,C4H8O2S,16.541549682617188,100000,5000,280,94415,313.2
3,255.43585205078125,267,61791-44-4,1124.3254835658174,0.19299541952330349,14.020865388296192,0.9519251150094412,0.07200094655960419,C4H11NO2,169.8547821044922,64000,3200,2170,20614,313.2
4,420.0035705566406,10,187997-16-6,1132.3417099875085,0.19373646102583134,30.702994294194085,1.5585232684953212,1.1049239281435188,C4H6O2,28.573566436767578,12000,600,600,0,303.2
5,573.2627563476562,26,127-19-5,927.3376050322254,0.15481100206214216,21.254500984569773,0.9146136826138486,0.896750326967558,C4H9NO,13.71796703338623,8000,400,394,137,313.2
6,480.5073547363281,26,126492-54-4,900.9682957899947,0.15888787195768825,4.95082036210899,0.36168917447716464,0.13346878904618725,C7H12O2,16.393089294433594,8000,400,394,124,320.6
7,415.0285339355469,25,126492-54-4,928.4352692987782,0.15482287203613987,6.846225732476339,0.5344675495344144,0.2037646132345785,C7H12O2,18.405963897705078,8000,400,382,362,293.2
8,277.9107666015625,39,126-33-0,1325.008529074165,0.1837002963947265,14.039378133200477,2.1827516395597573,0.281704157336808,C4H8O2S,22.84906005859375,36000,1800,318,29651,303.2
