,Neff,block_length,cas,density,density_sigma,dielectric,dielectric_sigma,dielectric_sigma_fixedblock,formula,inefficiency,initial_density_length,initial_traj_length,n_frames,n_trimmed,temperature
0,544.3507690429688,8,140-88-5,950.029059102293,0.17000141346239492,5.757772764866141,0.30566354388356437,0.22890638819978257,C5H8O2,14.69456958770752,8000,400,400,2,308.2
1,635.6000366210938,45,173201-80-4,932.0282785200118,0.1590330956602367,6.5215211861683535,0.23775885121860516,0.2049499637032411,C4H10O2,12.586531639099121,8000,400,400,1,298.2
2,1418.4947509765625,11,54841-71-3,776.5337382895405,0.18141696884612152,15.779816134232941,0.5770201178046572,0.43199473832651963,CH4O,11.280267715454102,16000,800,800,0,298.0
3,514.7379760742188,77,71-23-8,792.8299941813044,0.1981470867382027,7.290381797751639,0.4773949052126988,0.33937260127643615,C3H8O,15.458351135253906,8000,400,398,44,303.2
4,439.38189697265625,15,120-92-3,910.5049804050534,0.19100808654553106,8.629446373101903,0.37088861042372506,0.3423394089815498,C5H8O,18.209671020507812,8000,400,400,0,313.2
5,343.1778869628906,78,126492-54-4,898.4621215524347,0.19086437452978694,4.368987153443294,0.2002719855618816,0.171769125128748,C7H12O2,23.31443977355957,8000,400,400,0,323.2
6,340.5533142089844,32,126492-54-4,930.9417753732669,0.16884104826290433,5.579114794250216,0.38198770391675224,0.10382481618618879,C7H12O2,35.22209167480469,12000,600,600,6,290.6
7,278.6001892089844,118,105-59-9,1069.2168679351232,0.17326597528663715,24.219464661382254,2.6714782753364217,0.20374375019774163,C5H13NO2,51.25983810424805,16000,800,714,1720,308.2
8,403.3822021484375,78,71-41-0,805.5516819544338,0.16981111809731217,5.833126730947305,0.6752704716398573,0.11416802982343413,C5H12O,19.834787368774414,8000,400,400,0,303.2
