,Neff,block_length,cas,density,density_sigma,dielectric,dielectric_sigma,dielectric_sigma_fixedblock,formula,inefficiency,initial_density_length,initial_traj_length,n_frames,n_trimmed,temperature
0,768.3584594726562,18,121182-78-3,781.6110884272246,0.19891221796491998,10.120151976379256,0.44552178951196497,0.3061157840074375,C2H6O,15.619011878967285,12000,600,600,0,303.2
1,239.9043731689453,1,111-84-2,706.8079790112282,0.1707472368222346,1.0026909663675578,0.00015212613367629756,0.00013375307691137854,C9H20,16.677478790283203,4000,200,200,0,308.2
2,2384.945068359375,1,14314-42-2,1161.0875693131245,0.1982701972595582,59.71861802384538,1.6526231031281984,1.793790124149882,H2O,6.707911491394043,16000,800,800,3,315.2
3,636.251708984375,10,102256-29-1,966.2979321226321,0.191129801790945,6.57854311195328,0.23355181986111676,0.186138092958954,C4H6O2,18.832168579101562,12000,600,600,19,328.2
4,508.39434814453125,78,140-88-5,939.0874103421196,0.18537969555260597,6.055115661567536,0.3344656258111332,0.24144135806244993,C5H8O2,15.727948188781738,8000,400,400,5,318.2
5,469.865234375,187,126492-54-4,895.8032764217434,0.16274115992091245,4.923410305384834,0.16948123064432255,0.1512789826013728,C7H12O2,25.53923797607422,12000,600,600,1,325.6
6,427.3483581542969,28,173201-80-4,943.6469764415053,0.18107795530381784,6.614265924606724,0.680126030223753,0.5712984643990616,C4H10O2,9.247724533081055,4000,200,198,49,288.2
7,2882.041748046875,43,14314-42-2,1171.0863984572347,0.18085521910982205,66.09051510461865,1.9068241661902237,1.8087827439146156,H2O,6.876375198364258,20000,1000,991,183,305.2
8,397.5608825683594,2,111-84-2,698.108244678979,0.1500757377502331,1.0026903837109091,9.71757386687967e-05,9.341603458671906e-05,C9H20,20.122703552246094,8000,400,400,1,318.2
