,Neff,block_length,cas,density,density_sigma,dielectric,dielectric_sigma,dielectric_sigma_fixedblock,formula,inefficiency,initial_density_length,initial_traj_length,n_frames,n_trimmed,temperature
0,410.0290222167969,39,11119-77-0,937.1843150608784,0.1625820190409545,9.83372030935813,0.5744276699505758,0.28427645423452763,C6H10O,40.619075775146484,24000,1200,833,7346,293.2
1,500.2808837890625,104,8013-70-5,802.5749939258968,0.19559051210803877,9.221197924023276,0.762988671243341,0.23436874604583108,C3H8O,23.988523483276367,12000,600,600,0,293.2
2,467.7502136230469,78,107569-51-7,813.6704828406007,0.16463566098056256,6.76403059561714,1.0116890745842224,0.16744274595516606,C4H10O,17.105283737182617,8000,400,400,0,288.2
3,683.1058959960938,10,102256-29-1,983.5479589362252,0.18167540466334378,6.769476898440347,0.21112600758869024,0.18119445067913786,C4H6O2,17.556575775146484,12000,600,600,8,313.2
4,499.1611022949219,187,71-23-8,796.178337791194,0.19919722996999226,8.431462552885865,0.7387504796345632,0.20562574352137966,C3H8O,24.04233741760254,12000,600,600,0,300.2
5,555.405029296875,78,140-88-5,969.508393951863,0.15633592307504796,6.483663933042422,0.515207747438106,0.14141872175913153,C5H8O2,14.405702590942383,8000,400,400,0,290.6
6,723.1844482421875,5,68-12-2,982.9154802101767,0.1483861674640085,26.646442251636113,1.4258435278948984,0.9421030648961704,C3H7NO,11.063567161560059,8000,400,400,0,303.2
7,767.1865234375,3,140-88-5,933.3705531408044,0.1540369949638842,5.634913571055915,0.1911027833804016,0.16780031552465527,C5H8O2,15.599857330322266,12000,600,599,33,323.2
8,415.0883483886719,18,105-58-8,1016.1095694380349,0.1764684713865282,1.3449677218559106,0.013908175818386393,0.009927829795963607,C5H10O3,28.887826919555664,12000,600,600,10,308.2
