,Neff,block_length,cas,density,density_sigma,dielectric,dielectric_sigma,dielectric_sigma_fixedblock,formula,inefficiency,initial_density_length,initial_traj_length,n_frames,n_trimmed,temperature
0,503.4295349121094,26,102256-29-1,1012.2468489273745,0.18530918844623323,8.468633996857568,0.40723579455140113,0.2533683610618909,C4H6O2,15.636746406555176,8000,400,394,129,288.2
1,753.825439453125,134,173201-80-4,897.7394069306591,0.1597469107115526,5.42923334568691,0.21064308867260217,0.17304080729207352,C4H10O2,10.576719284057617,8000,400,399,28,328.2
2,343.2001647949219,15,11119-77-0,922.7155217273688,0.18189911507957632,9.548115689557584,0.5333184699512022,0.28133326613480075,C6H10O,23.22842788696289,8000,400,399,29,308.2
3,198.12254333496094,144,126068-67-5,1148.1676440783601,0.1955327639200803,17.27810160804563,1.3865524703653809,0.17133927403542173,C6H15NO3,94.51221466064453,24000,1200,937,5276,323.2
4,500.925048828125,26,107569-51-7,788.8899224170473,0.17555762503874944,6.094251563959866,0.2896042626100531,0.18938857977797632,C4H10O,15.9425048828125,8000,400,400,15,313.2
5,621.7487182617188,104,8013-70-5,786.2404511604756,0.18738580878109629,8.335633824744331,0.6449225559626581,0.26130922860447064,C3H8O,19.194250106811523,12000,600,597,67,308.2
6,356.5835876464844,46,126492-54-4,935.9007509981967,0.1607501573690947,5.55565877818369,0.44517855898146497,0.19182008861469008,C7H12O2,23.7784366607666,12000,600,424,3522,285.6
7,529.2254638671875,15,102256-29-1,1001.0383667720496,0.190744773064018,7.07375237431317,0.4824809589192435,0.286833977712223,C4H6O2,15.11832046508789,8000,400,400,0,298.2
8,240.23431396484375,134,118662-30-9,1166.1253556997367,0.1765273305308055,10.767516156207657,1.0962829348245886,0.41252605185383523,C6H14O4,33.30498504638672,8000,400,400,0,303.2
