,Neff,block_length,cas,density,density_sigma,dielectric,dielectric_sigma,dielectric_sigma_fixedblock,formula,inefficiency,initial_density_length,initial_traj_length,n_frames,n_trimmed,temperature
0,253.3968048095703,25,126492-54-4,940.8889191370941,0.1815939027811252,5.480972964579227,0.3850288485897037,0.11080194458675895,C7H12O2,30.221376419067383,8000,400,383,343,280.6
1,662.4049072265625,10,120-92-3,920.7422795013484,0.15140248229220482,9.068955002016374,0.3283353435342428,0.3230887495662748,C5H8O,18.11731719970703,12000,600,600,0,303.2
2,521.9813842773438,99,8013-70-5,797.110124859818,0.19063821246723803,8.958585466727298,0.8623184718753362,0.2340420994576959,C3H8O,21.48927116394043,12000,600,561,784,298.0
3,226.86473083496094,58,105-59-9,1060.9230645714108,0.1993049433751648,14.08037564863011,1.407323191386633,0.2743540407187116,C5H13NO2,52.89936447143555,12000,600,600,0,318.2
4,400.0042724609375,2,142-82-5,667.3585302160108,0.1638810130629328,1.0026938808349557,0.00011175041353924373,0.00010465353738354295,C7H16,19.94728660583496,8000,400,399,22,308.2
5,301.795166015625,6,83855-85-0,932.3924297255777,0.18968421777298858,5.639531665895492,0.32126072453748067,0.20705743413641783,C5H12O2,13.171184539794922,4000,200,199,26,298.2
6,615.2006225585938,3,28347-88-8,1098.4583225934637,0.1687467975821303,1.0852639742617134,0.0030390707948468073,0.0024806459726628674,C4H8O2,19.398550033569336,12000,600,597,67,318.2
7,552.8516845703125,58,187997-16-6,1142.3234996042331,0.16202662422172417,35.23474378530354,2.8797644930937722,0.7268903811862211,C4H6O2,21.459644317626953,12000,600,594,137,293.2
8,333.5312194824219,5,105-59-9,1051.5735902066249,0.1721125114328082,11.558291859028127,0.5450493204220915,0.2568049462414528,C5H13NO2,35.98163986206055,12000,600,600,0,328.2
