,Neff,block_length,cas,density,density_sigma,dielectric,dielectric_sigma,dielectric_sigma_fixedblock,formula,inefficiency,initial_density_length,initial_traj_length,n_frames,n_trimmed,temperature
0,330.0094299316406,187,105-59-9,1056.1843978973097,0.17388756708740025,16.35473031440181,2.6113025115561337,0.6819578592950905,C5H13NO2,36.36562728881836,12000,600,600,0,323.2
1,430.7640686035156,78,126492-54-4,913.4831932534736,0.1578241692686754,5.10121303362695,0.18337675918589297,0.18429985890747638,C7H12O2,18.573972702026367,8000,400,400,0,308.2
2,320.5669860839844,89,704-76-7,811.1072502063718,0.1651447241706832,2.981076327440345,0.1290215031487868,0.06208591266349927,C8H18O,30.149703979492188,12000,600,484,2336,318.2
3,326.0857849121094,23,8043-29-6,1264.0782721494118,0.18695372067375493,20.431635670818036,0.9146306103079215,0.35367911110808303,C3H8O3,64.42169952392578,24000,1200,1051,2994,303.2
4,446.35601806640625,8,83855-85-0,937.4696512401952,0.15994550120641657,6.537449215210958,0.32458957214884226,0.14810310886166428,C5H12O2,17.925153732299805,8000,400,400,0,293.2
5,604.560546875,15,140-88-5,952.9045663281149,0.15719328680373043,6.57422373489825,0.4698610463965643,0.30315534834888164,C5H8O2,13.098770141601562,8000,400,396,82,305.6
6,377.64764404296875,52,189832-99-3,948.5694197367591,0.19665876018220793,11.42623953789418,0.5905519097507268,0.18623306597580375,C4H11NO,74.1431884765625,28000,1400,1400,1,323.2
7,483.2350158691406,73,142939-39-7,1011.3095939404504,0.14172303510408674,7.257171975414052,0.3656123852103002,0.28813703782792144,C6H14O3,15.317598342895508,8000,400,371,599,308.2
8,502.0462646484375,134,120-92-3,915.8268912413854,0.18065677451684828,8.429309502917565,0.3550374025803516,0.33920029592502465,C5H8O,15.93677806854248,8000,400,400,0,308.2
