,Neff,block_length,cas,density,density_sigma,dielectric,dielectric_sigma,dielectric_sigma_fixedblock,formula,inefficiency,initial_density_length,initial_traj_length,n_frames,n_trimmed,temperature
0,173.22227478027344,22,704-76-7,829.0598113099633,0.19526632803541094,2.8892654493186742,0.24877767159213565,0.08044523518621076,C8H18O,35.47465133666992,8000,400,308,1856,298.2
1,336.50115966796875,73,126492-54-4,933.7462810996573,0.17555136959418483,5.264449812332528,0.26203120814035674,0.14920047114126414,C7H12O2,22.038557052612305,8000,400,371,585,288.2
2,311.9009704589844,284,61791-44-4,1111.4950647632493,0.17615220337345722,11.39945374307434,1.0971477641296798,0.26097173935651724,C4H11NO2,32.09352111816406,20000,1000,501,9991,328.2
3,537.9722900390625,32,140-88-5,974.8669591583208,0.16178922658172284,6.945527153330073,0.37578150437784447,0.22994491014421492,C5H8O2,22.30784034729004,12000,600,600,0,285.6
4,359.7763977050781,27,126-33-0,1301.1282628630508,0.18868710046361367,22.88328237127631,1.2360181660769698,0.24776367239522024,C4H8O2S,82.89315032958984,52000,2600,1492,22178,328.2
5,566.3509521484375,104,79-16-3,966.4731109615078,0.17537980609177461,42.710991817762775,3.9898361848033645,0.7524224666998721,C3H7NO,21.190040588378906,12000,600,600,0,313.2
6,513.7318725585938,32,120-92-3,935.7140920923376,0.163635085018663,9.938485621564492,0.3751234508320926,0.3307556364478183,C5H8O,23.311771392822266,12000,600,599,25,288.2
7,736.4089965820312,104,71-23-8,798.168715626337,0.15958231150643692,7.606909709866761,0.3959602680935899,0.24125674938261,C3H8O,16.296649932861328,12000,600,600,0,298.2
8,227.3604278564453,9,142939-39-7,1031.4582863119415,0.19231556946568307,7.932686475166979,0.6965028114901557,0.24350107791112355,C6H14O3,12.398815155029297,4000,200,141,1182,288.2
