,Neff,block_length,cas,density,density_sigma,dielectric,dielectric_sigma,dielectric_sigma_fixedblock,formula,inefficiency,initial_density_length,initial_traj_length,n_frames,n_trimmed,temperature
0,263.8714904785156,17,142-82-5,686.3713872898018,0.1829362998865752,1.002654754064118,0.00013476177718439597,0.00014724733822315929,C7H16,14.124299049377441,4000,200,187,274,288.2
1,217.05474853515625,106,105-59-9,1079.8061182264048,0.1817768834360497,19.174382025783235,3.0984316817636026,0.12342594595667535,C5H13NO2,27.60133171081543,12000,600,300,6010,298.2
2,585.0858154296875,126,57-55-6,1024.4029180310044,0.1700852099235344,13.169601682533822,0.5057673632413588,0.4843414796189357,C3H8O2,26.601224899291992,16000,800,779,437,318.2
3,261.5809020996094,287,61791-44-4,1115.5639183756855,0.19872942585832074,15.174109476994579,0.8751782549373001,0.10626746413135355,C4H11NO2,183.50344848632812,48000,2400,2400,0,323.2
4,311.669189453125,180,126-33-0,1307.2864171816893,0.19582144625210396,25.58949263773239,2.9130923840518106,0.1940237948460306,C4H8O2S,81.3875732421875,28000,1400,1269,2635,323.2
5,656.344482421875,104,8013-70-5,795.3269098733249,0.17265450527389786,7.678027398319233,0.5536606806472493,0.21185046716353662,C3H8O,18.17947769165039,12000,600,597,69,300.2
6,505.8367004394531,45,57-55-6,1014.7662029143007,0.18299433660025322,12.193476225850583,0.7341344530230703,0.5377116768019194,C3H8O2,15.66711139678955,8000,400,397,76,328.2
7,438.7613830566406,43,28347-88-8,1120.6616485649224,0.1905782086240016,1.0883910703255075,0.002723413252151746,0.002590342888678389,C4H8O2,45.01307678222656,20000,1000,988,251,298.2
8,417.683349609375,29,127-19-5,937.0931190806187,0.17184439344406255,20.80166404709227,1.1519465641743265,1.2088918296833104,C4H9NO,9.54311466217041,4000,200,200,15,303.2
