,Neff,block_length,cas,density,density_sigma,dielectric,dielectric_sigma,dielectric_sigma_fixedblock,formula,inefficiency,initial_density_length,initial_traj_length,n_frames,n_trimmed,temperature
0,271.6194763183594,254,502-42-1,936.8812075612963,0.18948869321407122,8.124664830328577,0.322307263104243,0.20188157874030585,C7H12O,64.25533294677734,20000,1000,873,2548,298.2
1,406.46307373046875,32,11119-77-0,927.6072289161343,0.16990908940857685,8.523672244548088,0.4451809189811443,0.22710206995672502,C6H10O,29.5032958984375,12000,600,600,9,303.2
2,581.2578735351562,128,8013-70-5,791.6118688672807,0.1838462205552973,7.598487573607145,0.35735473602400264,0.17628246440908718,C3H8O,13.021759033203125,8000,400,379,432,303.2
3,451.93707275390625,230,102256-29-1,1017.7160828384967,0.19117809629904303,7.4649993907358745,0.44863691603698735,0.29689618077503016,C4H6O2,17.54005241394043,8000,400,397,74,283.2
4,417.316650390625,104,140-88-5,958.7615534612712,0.19495065597870667,6.193318952483099,0.21628211851089263,0.19186312265275485,C5H8O2,28.72399139404297,12000,600,600,14,300.6
5,446.40716552734375,77,105-58-8,1026.6146095335553,0.16643566272850743,1.3552043904727082,0.025220922422128422,0.015027137711026031,C5H10O3,17.851415634155273,8000,400,399,32,298.2
