,Neff,block_length,cas,density,density_sigma,dielectric,dielectric_sigma,dielectric_sigma_fixedblock,formula,inefficiency,initial_density_length,initial_traj_length,n_frames,n_trimmed,temperature
0,348.38641357421875,46,111-46-6,1152.8521646415122,0.17239171794440886,12.410771483885794,1.2993052708751802,0.560465376923255,C4H10O3,23.617454528808594,12000,600,412,3773,303.2
1,978.41259765625,176,23296-41-5,1211.700749370671,0.17345785187273474,53.64691048489067,3.105396443864842,2.952552903487224,CH3NO,11.356149673461914,12000,600,556,890,303.2
2,227.90182495117188,148,105-59-9,1065.4439094231986,0.19797674135613877,13.400093129753017,1.5125316744566637,0.2777140583745853,C5H13NO2,39.43803405761719,12000,600,450,3013,313.2
3,370.87701416015625,15,120-92-3,951.1161586893038,0.18261851007695487,10.500826890610632,0.7742787532035905,0.3512763648141378,C5H8O,21.57318878173828,8000,400,400,0,273.2
4,724.386962890625,32,140-88-5,941.8786925392975,0.15038993952560606,5.693884970420789,0.1770518925643913,0.13950360560729522,C5H8O2,16.565731048583984,12000,600,600,1,315.6
5,639.4396362304688,8,102256-29-1,968.9846156139763,0.1879881834002965,6.4037285083422075,0.22641017393402302,0.14860663188536544,C4H6O2,12.512517929077148,8000,400,400,0,325.6
6,634.5292358398438,26,71-23-8,787.766694265808,0.1785347239944998,7.4084010092082995,0.3872177579481808,0.2531001457784044,C3H8O,12.60934829711914,8000,400,400,0,308.2
7,560.8148193359375,58,107569-51-7,804.3064127865898,0.15998451359191873,7.213632386957765,0.5110055591817799,0.1955165120096877,C4H10O,21.311847686767578,12000,600,598,49,298.0
8,567.514404296875,8,142939-39-7,1001.1152553580148,0.14181362590847882,7.41963218118145,0.3414727263078395,0.2919799640106316,C6H14O3,14.066603660583496,8000,400,400,18,318.2
