,Neff,block_length,cas,density,density_sigma,dielectric,dielectric_sigma,dielectric_sigma_fixedblock,formula,inefficiency,initial_density_length,initial_traj_length,n_frames,n_trimmed,temperature
0,582.0285034179688,5,616-38-6,1111.9014515144997,0.19859578346271914,1.6443687285002568,0.02866836584329445,0.02045273502173672,C3H6O3,13.746749877929688,8000,400,400,0,328.2
1,631.5194702148438,57,107569-51-7,804.2817604977613,0.15014739561734855,6.2762215361706355,0.35440401573530195,0.20802604613219214,C4H10O,18.664506912231445,12000,600,590,214,298.2
2,1336.0128173828125,3,54841-71-3,783.1445014004954,0.1876832107788847,17.077082885747387,0.488292211022189,0.49164718651521755,CH4O,11.97668170928955,16000,800,800,0,293.2
3,493.58050537109375,15,140-88-5,980.6155496067892,0.15948590871033327,7.1096886311135465,0.4758031891683479,0.3825783582650574,C5H8O2,16.210121154785156,8000,400,400,0,280.6
4,294.6026916503906,115,118662-30-9,1169.841106690177,0.15412638012830918,10.08913305549934,0.9225436431109264,0.4562780340522526,C6H14O4,22.433603286743164,12000,600,331,5392,298.2
5,648.5010375976562,15,102256-29-1,994.9855842415975,0.17037882633057508,7.291819272024632,0.3511234408080374,0.33383105433592486,C4H6O2,12.260581970214844,8000,400,398,50,303.2
6,469.6827392578125,187,68989-27-5,816.5433827509507,0.17199791628325944,6.282644225499227,0.3926023804592843,0.1368515888135831,C4H10O,25.55129051208496,12000,600,600,0,293.2
7,545.1368408203125,58,105-58-8,1005.8187159910854,0.1654505299617949,1.3253289239618082,0.012200716745683394,0.01028671717532371,C5H10O3,22.01465606689453,12000,600,600,0,318.2
8,609.7265625,8,140-88-5,930.7636302006184,0.16997104909817334,5.495767167228463,0.2542462235434829,0.19109384085664705,C5H8O2,13.056672096252441,8000,400,398,40,325.6
