,Neff,block_length,cas,density,density_sigma,dielectric,dielectric_sigma,dielectric_sigma_fixedblock,formula,inefficiency,initial_density_length,initial_traj_length,n_frames,n_trimmed,temperature
0,1342.275390625,3,54841-71-3,762.7235675740857,0.1962216209699255,14.84053788127732,0.4145436780954769,0.375439721765453,CH4O,11.72486686706543,16000,800,787,263,308.2
1,308.2630615234375,45,126492-54-4,925.9196475871654,0.17744816779299183,4.804601377271218,0.25946109487440017,0.16544236539790655,C7H12O2,25.896713256835938,8000,400,400,18,295.6
2,474.97491455078125,134,107569-51-7,799.266083526824,0.17680963710396255,5.883669189672908,0.28823973204779607,0.14417040720702978,C4H10O,16.84510040283203,8000,400,400,0,303.2
3,169.18202209472656,4,111-84-2,725.2631464444003,0.19400294482244618,1.0027893231580938,0.0001445225057915595,0.00015369238306032037,C9H20,23.649084091186523,4000,200,200,0,288.2
4,576.0185546875,104,140-88-5,961.0337538342727,0.1606562868948013,5.901439871067165,0.2735119177054927,0.15585054663929476,C5H8O2,20.744123458862305,12000,600,598,52,298.2
5,194.525146484375,117,126068-67-5,1164.3708374249463,0.16851964567319214,16.30593543570373,3.3702362699809942,0.14313087357322016,C6H15NO3,34.89009094238281,28000,1400,340,21214,303.2
6,631.35595703125,78,173201-80-4,920.7318947042886,0.16506681523291364,6.571661761293871,0.23840487211470068,0.21692032700559497,C4H10O2,12.672724723815918,8000,400,400,0,308.2
7,788.967529296875,32,121182-78-3,792.8445779778802,0.1798873408530295,10.715343334762126,0.6125082686029751,0.32573268263806004,C2H6O,15.208483695983887,12000,600,600,2,293.2
8,242.27041625976562,45,31372-91-5,689.1086949052261,0.18677921956632282,1.0027531701919894,0.00017862858894724328,0.00015808972398353364,C8H18,15.7427396774292,4000,200,191,187,308.2
